Latitude (decimal degrees):	52.508
Longitude (decimal degrees):	6.094
Radiation database:	PVGIS-SARAH3

Results for:	June
Slope of plane (deg.):	30
Azimuth (orientation) of plane (deg.):	0
time(UTC)		Gcs(i)
00:00		0.0
01:00		0.0
02:00		0.0
03:00		27.47
04:00		46.38
05:00		209.12
06:00		412.35
07:00		617.09
08:00		795.37
09:00		927.79
10:00		1002.09
11:00		1012.0
12:00		956.74
13:00		840.86
14:00		674.74
15:00		475.47
16:00		268.24
17:00		88.35
18:00		36.38
19:00		0.0
20:00		0.0
21:00		0.0
22:00		0.0
23:00		0.0

Gcs(i): Global clear-sky irradiance on a fixed plane (W/m2)

PVGIS (c) European Union, 2001-2025