Latitude (decimal degrees):	52.508
Longitude (decimal degrees):	6.094
Radiation database:	PVGIS-SARAH3

Results for:	June
Slope of plane (deg.):	45
Azimuth (orientation) of plane (deg.):	180
time(UTC)		Gcs(i)
00:00		0.0
01:00		0.0
02:00		0.0
03:00		122.85
04:00		255.83
05:00		321.82
06:00		349.02
07:00		354.12
08:00		348.28
09:00		339.08
10:00		331.39
11:00		327.84
12:00		329.01
13:00		333.49
14:00		337.67
15:00		335.37
16:00		317.06
17:00		268.34
18:00		167.49
19:00		0.0
20:00		0.0
21:00		0.0
22:00		0.0
23:00		0.0

Gcs(i): Global clear-sky irradiance on a fixed plane (W/m2)

PVGIS (c) European Union, 2001-2025