Latitude (decimal degrees):	52.508
Longitude (decimal degrees):	6.094
Radiation database:	PVGIS-SARAH3

Results for:	June
Slope of plane (deg.):	35
Azimuth (orientation) of plane (deg.):	90
time(UTC)		Gcs(i)
00:00		0.0
01:00		0.0
02:00		0.0
03:00		26.5
04:00		54.14
05:00		77.88
06:00		95.94
07:00		140.35
08:00		310.87
09:00		487.62
10:00		652.51
11:00		789.48
12:00		884.68
13:00		926.74
14:00		907.31
15:00		822.12
16:00		672.36
17:00		466.46
18:00		224.16
19:00		0.0
20:00		0.0
21:00		0.0
22:00		0.0
23:00		0.0

Gcs(i): Global clear-sky irradiance on a fixed plane (W/m2)

PVGIS (c) European Union, 2001-2025