Latitude (decimal degrees):	52.508
Longitude (decimal degrees):	6.094
Radiation database:	PVGIS-SARAH3
Nominal power of the PV system (c-Si) (kWp):	30977.1
System losses(%):	14.0
Fixed slope of modules (deg.):	35
Orientation (azimuth) of modules (deg.):	90

Fixed angle
Month		E_d		E_m		H(i)_d		H(i)_m		SD_m
1		15733.97		487753.06		0.68		21.1		51068.62
2		31919.69		893751.21		1.31		36.6		162822.32
3		62277.8		1930611.79		2.51		77.84		254656.52
4		98260.53		2947816.01		4.02		120.72		287217.48
5		109980.0		3409380.04		4.59		142.37		337950.13
6		119806.28		3594188.39		5.1		153.05		317415.45
7		111580.29		3458989.09		4.79		148.37		382530.19
8		94343.98		2924663.29		4.02		124.57		246938.62
9		72236.76		2167102.74		3.03		90.9		190583.71
10		41351.9		1281908.93		1.73		53.53		180506.71
11		20123.2		603695.92		0.87		26.12		72320.56
12		11857.33		367577.3		0.54		16.59		65228.91
Year		65938.19		2005619.81		2.77		84.31		85042.35
		AOI loss (%)		Spectral effects (%)		Temperature and low irradiance loss (%)		Combined loss (%)
Fixed angle:		-3.95		1.67		-8.56		-23.21

E_d: Average daily energy production from the given system (kWh/d)
E_m: Average monthly energy production from the given system (kWh/mo)
H(i)_d: Average daily sum of global irradiation per square meter received by the modules of the given system (kWh/m2/d)
H(i)_m: Average monthly sum of global irradiation per square meter received by the modules of the given system (kWh/m2/mo)
SD_m: Standard deviation of the monthly energy production due to year-to-year variation (kWh)


PVGIS (c) European Union, 2001-2025