Latitude (decimal degrees):	52.508
Longitude (decimal degrees):	6.094
Radiation database:	PVGIS-SARAH3
Nominal power of the PV system (c-Si) (kWp):	3654.7
System losses(%):	14.0
Fixed slope of modules (deg.):	35
Orientation (azimuth) of modules (deg.):	90

Fixed angle
Month		E_d		E_m		H(i)_d		H(i)_m		SD_m
1		1856.3		57545.45		0.68		21.1		6025.11
2		3765.91		105445.39		1.31		36.6		19209.89
3		7347.58		227774.93		2.51		77.84		30044.55
4		11592.85		347785.4		4.02		120.72		33886.12
5		12975.52		402241.05		4.59		142.37		39871.59
6		14134.83		424044.87		5.1		153.05		37448.9
7		13164.32		408093.96		4.79		148.37		45131.18
8		11130.77		345053.83		4.02		124.57		29133.99
9		8522.54		255676.3		3.03		90.9		22485.2
10		4878.73		151240.51		1.73		53.53		21296.31
11		2374.15		71224.47		0.87		26.12		8532.43
12		1398.94		43367.03		0.54		16.59		7695.75
Year		7779.43		236624.43		2.77		84.31		10033.36
		AOI loss (%)		Spectral effects (%)		Temperature and low irradiance loss (%)		Combined loss (%)
Fixed angle:		-3.95		1.67		-8.56		-23.21

E_d: Average daily energy production from the given system (kWh/d)
E_m: Average monthly energy production from the given system (kWh/mo)
H(i)_d: Average daily sum of global irradiation per square meter received by the modules of the given system (kWh/m2/d)
H(i)_m: Average monthly sum of global irradiation per square meter received by the modules of the given system (kWh/m2/mo)
SD_m: Standard deviation of the monthly energy production due to year-to-year variation (kWh)


PVGIS (c) European Union, 2001-2025