Latitude (decimal degrees):	52.508
Longitude (decimal degrees):	6.094
Radiation database:	PVGIS-SARAH3
Nominal power of the PV system (c-Si) (kWp):	6.3
System losses(%):	14.0
Fixed slope of modules (deg.):	45
Orientation (azimuth) of modules (deg.):	-179

Fixed angle
Month		E_d		E_m		H(i)_d		H(i)_m		SD_m
1		1.5		46.59		0.36		11.25		3.31
2		2.92		81.78		0.65		18.14		7.95
3		5.31		164.62		1.13		34.98		12.32
4		9.12		273.48		2.05		61.56		21.98
5		14.62		453.09		3.15		97.66		34.58
6		17.89		536.59		3.81		114.33		37.03
7		16.04		497.33		3.48		108.01		29.84
8		10.93		338.96		2.49		77.22		14.49
9		6.3		189.11		1.4		41.99		10.13
10		3.67		113.68		0.82		25.47		4.93
11		1.9		56.97		0.45		13.54		3.58
12		1.17		36.37		0.3		9.15		3.59
Year		7.64		232.38		1.68		51.11		5.49
		AOI loss (%)		Spectral effects (%)		Temperature and low irradiance loss (%)		Combined loss (%)
Fixed angle:		-8.05		1.58		-10.15		-27.83

E_d: Average daily energy production from the given system (kWh/d)
E_m: Average monthly energy production from the given system (kWh/mo)
H(i)_d: Average daily sum of global irradiation per square meter received by the modules of the given system (kWh/m2/d)
H(i)_m: Average monthly sum of global irradiation per square meter received by the modules of the given system (kWh/m2/mo)
SD_m: Standard deviation of the monthly energy production due to year-to-year variation (kWh)


PVGIS (c) European Union, 2001-2025