Latitude (decimal degrees):	52.508
Longitude (decimal degrees):	6.094
Radiation database:	PVGIS-SARAH3
Nominal power of the PV system (c-Si) (kWp):	313.6
System losses(%):	14.0
Fixed slope of modules (deg.):	45
Orientation (azimuth) of modules (deg.):	-179

Fixed angle
Month		E_d		E_m		H(i)_d		H(i)_m		SD_m
1		74.82		2319.28		0.36		11.25		164.75
2		145.38		4070.76		0.65		18.14		395.93
3		264.33		8194.36		1.13		34.98		613.06
4		453.77		13613.16		2.05		61.56		1093.91
5		727.55		22554.06		3.15		97.66		1721.26
6		890.34		26710.25		3.81		114.33		1843.03
7		798.58		24756.06		3.48		108.01		1485.48
8		544.29		16872.88		2.49		77.22		721.09
9		313.78		9413.3		1.4		41.99		504.11
10		182.54		5658.86		0.82		25.47		245.6
11		94.53		2835.92		0.45		13.54		178.2
12		58.39		1810.19		0.3		9.15		178.46
Year		380.3		11567.42		1.68		51.11		273.43
		AOI loss (%)		Spectral effects (%)		Temperature and low irradiance loss (%)		Combined loss (%)
Fixed angle:		-8.05		1.58		-10.15		-27.83

E_d: Average daily energy production from the given system (kWh/d)
E_m: Average monthly energy production from the given system (kWh/mo)
H(i)_d: Average daily sum of global irradiation per square meter received by the modules of the given system (kWh/m2/d)
H(i)_m: Average monthly sum of global irradiation per square meter received by the modules of the given system (kWh/m2/mo)
SD_m: Standard deviation of the monthly energy production due to year-to-year variation (kWh)


PVGIS (c) European Union, 2001-2025