Latitude (decimal degrees):	52.508
Longitude (decimal degrees):	6.094
Radiation database:	PVGIS-SARAH3
Nominal power of the PV system (c-Si) (kWp):	307.3
System losses(%):	14.0
Fixed slope of modules (deg.):	45
Orientation (azimuth) of modules (deg.):	-179

Fixed angle
Month		E_d		E_m		H(i)_d		H(i)_m		SD_m
1		73.31		2272.69		0.36		11.25		161.44
2		142.46		3988.98		0.65		18.14		387.97
3		259.02		8029.74		1.13		34.98		600.74
4		444.66		13339.68		2.05		61.56		1071.94
5		712.93		22100.96		3.15		97.66		1686.68
6		872.46		26173.66		3.81		114.33		1806.01
7		782.54		24258.73		3.48		108.01		1455.64
8		533.35		16533.92		2.49		77.22		706.6
9		307.47		9224.2		1.4		41.99		493.98
10		178.88		5545.18		0.82		25.47		240.67
11		92.63		2778.95		0.45		13.54		174.62
12		57.22		1773.83		0.3		9.15		174.88
Year		372.66		11335.04		1.68		51.11		267.94
		AOI loss (%)		Spectral effects (%)		Temperature and low irradiance loss (%)		Combined loss (%)
Fixed angle:		-8.05		1.58		-10.15		-27.83

E_d: Average daily energy production from the given system (kWh/d)
E_m: Average monthly energy production from the given system (kWh/mo)
H(i)_d: Average daily sum of global irradiation per square meter received by the modules of the given system (kWh/m2/d)
H(i)_m: Average monthly sum of global irradiation per square meter received by the modules of the given system (kWh/m2/mo)
SD_m: Standard deviation of the monthly energy production due to year-to-year variation (kWh)


PVGIS (c) European Union, 2001-2025