Latitude (decimal degrees):	52.508
Longitude (decimal degrees):	6.094
Radiation database:	PVGIS-SARAH3
Nominal power of the PV system (c-Si) (kWp):	1130.2
System losses(%):	14.0
Fixed slope of modules (deg.):	35
Orientation (azimuth) of modules (deg.):	90

Fixed angle
Month		E_d		E_m		H(i)_d		H(i)_m		SD_m
1		574.03		17794.89		0.68		21.1		1863.16
2		1164.54		32607.08		1.31		36.6		5940.31
3		2272.11		70435.29		2.51		77.84		9290.74
4		3584.88		107546.36		4.02		120.72		10478.67
5		4012.44		124385.78		4.59		142.37		12329.57
6		4370.94		131128.22		5.1		153.05		11580.4
7		4070.83		126195.69		4.79		148.37		13956.0
8		3441.99		106701.67		4.02		124.57		9009.16
9		2635.44		79063.28		3.03		90.9		6953.14
10		1508.66		46768.4		1.73		53.53		6585.5
11		734.16		22024.88		0.87		26.12		2638.5
12		432.6		13410.47		0.54		16.59		2379.77
Year		2405.65		73171.83		2.77		84.31		3102.63
		AOI loss (%)		Spectral effects (%)		Temperature and low irradiance loss (%)		Combined loss (%)
Fixed angle:		-3.95		1.67		-8.56		-23.21

E_d: Average daily energy production from the given system (kWh/d)
E_m: Average monthly energy production from the given system (kWh/mo)
H(i)_d: Average daily sum of global irradiation per square meter received by the modules of the given system (kWh/m2/d)
H(i)_m: Average monthly sum of global irradiation per square meter received by the modules of the given system (kWh/m2/mo)
SD_m: Standard deviation of the monthly energy production due to year-to-year variation (kWh)


PVGIS (c) European Union, 2001-2025