<?xml version="1.0" encoding="UTF-8"?>
<metadata xml:lang="en"><Esri><CreaDate>20250328</CreaDate><CreaTime>09301800</CreaTime><ArcGISFormat>1.0</ArcGISFormat><SyncOnce>FALSE</SyncOnce><DataProperties><itemProps><itemName Sync="TRUE">stadshagen_allfunctions_lvl1.csv</itemName><imsContentType Sync="TRUE">005</imsContentType><itemLocation><linkage Sync="TRUE">file://\\LAPTOP-J5H2RN16\C$\Users\stenr\Documents\ClimateChangeIjsselDelta\csv\Working\stadshagen_allfunctions_lvl1.csv</linkage><protocol Sync="TRUE">Local Area Network</protocol></itemLocation><itemSize Sync="TRUE">0.000</itemSize></itemProps><lineage><Process ToolSource="c:\program files\arcgis\pro\Resources\ArcToolbox\toolboxes\Conversion Tools.tbx\ExportTable" Date="20250328" Time="093018">ExportTable "stadshagen all functions level 1" C:\Users\stenr\Documents\ClimateChangeIjsselDelta\csv\Working\stadshagen_allfunctions_lvl1.csv # NOT_USE_ALIAS "OBJECTID "OBJECTID" true true false 10 Long 0 10,First,#,stadshagen all functions level 1,OBJECTID,-1,-1;identifica "identifica" true true false 16 Text 0 0,First,#,stadshagen all functions level 1,identifica,0,15;bouwjaar "bouwjaar" true true false 10 Long 0 10,First,#,stadshagen all functions level 1,bouwjaar,-1,-1;status "status" true true false 50 Text 0 0,First,#,stadshagen all functions level 1,status,0,49;gebruiksdo "gebruiksdo" true true false 50 Text 0 0,First,#,stadshagen all functions level 1,gebruiksdo,0,49;openbare_r "openbare_r" true true false 50 Text 0 0,First,#,stadshagen all functions level 1,openbare_r,0,49;huisnummer "huisnummer" true true false 10 Long 0 10,First,#,stadshagen all functions level 1,huisnummer,-1,-1;huisletter "huisletter" true true false 10 Text 0 0,First,#,stadshagen all functions level 1,huisletter,0,9;toevoeging "toevoeging" true true false 10 Text 0 0,First,#,stadshagen all functions level 1,toevoeging,0,9;postcode "postcode" true true false 6 Text 0 0,First,#,stadshagen all functions level 1,postcode,0,5;year_ "year_" true true false 10 Long 0 10,First,#,stadshagen all functions level 1,year_,-1,-1;buurt "buurt" true true false 100 Text 0 0,First,#,stadshagen all functions level 1,buurt,0,99;neighborho "neighborho" true true false 100 Text 0 0,First,#,stadshagen all functions level 1,neighborho,0,99;total_flat "total_flat" true true false 19 Double 0 0,First,#,stadshagen all functions level 1,total_flat,-1,-1;total_stee "total_stee" true true false 19 Double 0 0,First,#,stadshagen all functions level 1,total_stee,-1,-1;total_area "total_area" true true false 19 Double 0 0,First,#,stadshagen all functions level 1,total_area,-1,-1;suitable_f "suitable_f" true true false 19 Double 0 0,First,#,stadshagen all functions level 1,suitable_f,-1,-1;suitable_s "suitable_s" true true false 19 Double 0 0,First,#,stadshagen all functions level 1,suitable_s,-1,-1;suitable_a "suitable_a" true true false 19 Double 0 0,First,#,stadshagen all functions level 1,suitable_a,-1,-1;very_suita "very_suita" true true false 19 Double 0 0,First,#,stadshagen all functions level 1,very_suita,-1,-1;very_sui_1 "very_sui_1" true true false 19 Double 0 0,First,#,stadshagen all functions level 1,very_sui_1,-1,-1;very_sui_2 "very_sui_2" true true false 19 Double 0 0,First,#,stadshagen all functions level 1,very_sui_2,-1,-1;very_sui_3 "very_sui_3" true true false 19 Double 0 0,First,#,stadshagen all functions level 1,very_sui_3,-1,-1;potential_ "potential_" true true false 10 Long 0 10,First,#,stadshagen all functions level 1,potential_,-1,-1;potential1 "potential1" true true false 19 Double 0 0,First,#,stadshagen all functions level 1,potential1,-1,-1;potentia_1 "potentia_1" true true false 10 Long 0 10,First,#,stadshagen all functions level 1,potentia_1,-1,-1;sde_status "sde_status" true true false 100 Text 0 0,First,#,stadshagen all functions level 1,sde_status,0,99;pv_1999 "pv_1999" true true false 10 Long 0 10,First,#,stadshagen all functions level 1,pv_1999,-1,-1;pv_2010 "pv_2010" true true false 10 Long 0 10,First,#,stadshagen all functions level 1,pv_2010,-1,-1;pv_2016 "pv_2016" true true false 10 Long 0 10,First,#,stadshagen all functions level 1,pv_2016,-1,-1;pv_2017 "pv_2017" true true false 10 Long 0 10,First,#,stadshagen all functions level 1,pv_2017,-1,-1;pv_2018 "pv_2018" true true false 10 Long 0 10,First,#,stadshagen all functions level 1,pv_2018,-1,-1;pv_2019 "pv_2019" true true false 10 Long 0 10,First,#,stadshagen all functions level 1,pv_2019,-1,-1;pv_2020 "pv_2020" true true false 10 Long 0 10,First,#,stadshagen all functions level 1,pv_2020,-1,-1;pv_2021 "pv_2021" true true false 10 Long 0 10,First,#,stadshagen all functions level 1,pv_2021,-1,-1;pv_class "pv_class" true true false 10 Long 0 10,First,#,stadshagen all functions level 1,pv_class,-1,-1;protected_ "protected_" true true false 10 Long 0 10,First,#,stadshagen all functions level 1,protected_,-1,-1;protected1 "protected1" true true false 10 Long 0 10,First,#,stadshagen all functions level 1,protected1,-1,-1;potentia_2 "potentia_2" true true false 10 Long 0 10,First,#,stadshagen all functions level 1,potentia_2,-1,-1;sde_map_to "sde_map_to" true true false 10 Long 0 10,First,#,stadshagen all functions level 1,sde_map_to,-1,-1;kwp_value "kwp_value" true true false 19 Double 0 0,First,#,stadshagen all functions level 1,kwp_value,-1,-1;pv_area_pr "pv_area_pr" true true false 19 Double 0 0,First,#,stadshagen all functions level 1,pv_area_pr,-1,-1;pv_area_ve "pv_area_ve" true true false 19 Double 0 0,First,#,stadshagen all functions level 1,pv_area_ve,-1,-1;pv_count_p "pv_count_p" true true false 10 Long 0 10,First,#,stadshagen all functions level 1,pv_count_p,-1,-1;pv_count_a "pv_count_a" true true false 10 Long 0 10,First,#,stadshagen all functions level 1,pv_count_a,-1,-1;pv_count_v "pv_count_v" true true false 10 Long 0 10,First,#,stadshagen all functions level 1,pv_count_v,-1,-1;realised_e "realised_e" true true false 19 Double 0 0,First,#,stadshagen all functions level 1,realised_e,-1,-1;Shape__Are "Shape__Are" true true false 19 Double 0 0,First,#,stadshagen all functions level 1,Shape__Are,-1,-1;Shape__Len "Shape__Len" true true false 19 Double 0 0,First,#,stadshagen all functions level 1,Shape__Len,-1,-1;Shape_Leng "Shape_Leng" true true false 19 Double 0 0,First,#,stadshagen all functions level 1,Shape_Leng,-1,-1;Shape_Area "Shape_Area" true true false 19 Double 0 0,First,#,stadshagen all functions level 1,Shape_Area,-1,-1" #</Process></lineage></DataProperties><SyncDate>20250328</SyncDate><SyncTime>09301800</SyncTime><ModDate>20250328</ModDate><ModTime>09301800</ModTime></Esri><dataIdInfo><envirDesc Sync="TRUE">Microsoft Windows 10 Version 10.0 (Build 22631) ; Esri ArcGIS 13.4.0.55405</envirDesc><dataLang><languageCode value="eng" Sync="TRUE"></languageCode><countryCode value="USA" Sync="TRUE"></countryCode></dataLang><idCitation><resTitle Sync="TRUE">stadshagen_allfunctions_lvl1.csv</resTitle><presForm><PresFormCd value="001" Sync="TRUE"></PresFormCd></presForm></idCitation></dataIdInfo><mdLang><languageCode value="eng" Sync="TRUE"></languageCode><countryCode value="USA" Sync="TRUE"></countryCode></mdLang><mdChar><CharSetCd value="004" Sync="TRUE"></CharSetCd></mdChar><distInfo><distFormat><formatName Sync="TRUE">Text File</formatName></distFormat><distTranOps><transSize Sync="TRUE">0.000</transSize></distTranOps></distInfo><mdHrLv><ScopeCd value="007" Sync="TRUE"></ScopeCd></mdHrLv><mdHrLvName Sync="TRUE">non-geographic dataset</mdHrLvName><eainfo><detailed Name="stadshagen_allfunctions_lvl1.csv"><enttyp><enttypl Sync="TRUE">stadshagen_allfunctions_lvl1.csv</enttypl><enttypt Sync="TRUE">Table</enttypt><enttypc Sync="TRUE">0</enttypc></enttyp><attr><attrlabl Sync="TRUE">OBJECTID</attrlabl><attalias Sync="TRUE">OBJECTID</attalias><attrtype Sync="TRUE">Integer</attrtype><attwidth Sync="TRUE">4</attwidth><atprecis Sync="TRUE">0</atprecis><attscale Sync="TRUE">0</attscale></attr><attr><attrlabl Sync="TRUE">identifica</attrlabl><attalias Sync="TRUE">identifica</attalias><attrtype Sync="TRUE">String</attrtype><attwidth Sync="TRUE">16</attwidth><atprecis Sync="TRUE">0</atprecis><attscale Sync="TRUE">0</attscale></attr><attr><attrlabl Sync="TRUE">bouwjaar</attrlabl><attalias Sync="TRUE">bouwjaar</attalias><attrtype Sync="TRUE">Integer</attrtype><attwidth Sync="TRUE">4</attwidth><atprecis Sync="TRUE">0</atprecis><attscale Sync="TRUE">0</attscale></attr><attr><attrlabl Sync="TRUE">status</attrlabl><attalias Sync="TRUE">status</attalias><attrtype Sync="TRUE">String</attrtype><attwidth Sync="TRUE">50</attwidth><atprecis Sync="TRUE">0</atprecis><attscale Sync="TRUE">0</attscale></attr><attr><attrlabl Sync="TRUE">gebruiksdo</attrlabl><attalias Sync="TRUE">gebruiksdo</attalias><attrtype Sync="TRUE">String</attrtype><attwidth Sync="TRUE">50</attwidth><atprecis Sync="TRUE">0</atprecis><attscale Sync="TRUE">0</attscale></attr><attr><attrlabl Sync="TRUE">openbare_r</attrlabl><attalias Sync="TRUE">openbare_r</attalias><attrtype Sync="TRUE">String</attrtype><attwidth Sync="TRUE">50</attwidth><atprecis Sync="TRUE">0</atprecis><attscale Sync="TRUE">0</attscale></attr><attr><attrlabl Sync="TRUE">huisnummer</attrlabl><attalias Sync="TRUE">huisnummer</attalias><attrtype Sync="TRUE">Integer</attrtype><attwidth Sync="TRUE">4</attwidth><atprecis Sync="TRUE">0</atprecis><attscale Sync="TRUE">0</attscale></attr><attr><attrlabl Sync="TRUE">huisletter</attrlabl><attalias Sync="TRUE">huisletter</attalias><attrtype Sync="TRUE">String</attrtype><attwidth Sync="TRUE">10</attwidth><atprecis Sync="TRUE">0</atprecis><attscale Sync="TRUE">0</attscale></attr><attr><attrlabl Sync="TRUE">toevoeging</attrlabl><attalias Sync="TRUE">toevoeging</attalias><attrtype Sync="TRUE">String</attrtype><attwidth Sync="TRUE">10</attwidth><atprecis Sync="TRUE">0</atprecis><attscale Sync="TRUE">0</attscale></attr><attr><attrlabl Sync="TRUE">postcode</attrlabl><attalias Sync="TRUE">postcode</attalias><attrtype Sync="TRUE">String</attrtype><attwidth Sync="TRUE">6</attwidth><atprecis Sync="TRUE">0</atprecis><attscale Sync="TRUE">0</attscale></attr><attr><attrlabl Sync="TRUE">year_</attrlabl><attalias Sync="TRUE">year_</attalias><attrtype Sync="TRUE">Integer</attrtype><attwidth Sync="TRUE">4</attwidth><atprecis Sync="TRUE">0</atprecis><attscale Sync="TRUE">0</attscale></attr><attr><attrlabl Sync="TRUE">buurt</attrlabl><attalias Sync="TRUE">buurt</attalias><attrtype Sync="TRUE">String</attrtype><attwidth Sync="TRUE">100</attwidth><atprecis Sync="TRUE">0</atprecis><attscale Sync="TRUE">0</attscale></attr><attr><attrlabl Sync="TRUE">neighborho</attrlabl><attalias Sync="TRUE">neighborho</attalias><attrtype Sync="TRUE">String</attrtype><attwidth Sync="TRUE">100</attwidth><atprecis Sync="TRUE">0</atprecis><attscale Sync="TRUE">0</attscale></attr><attr><attrlabl Sync="TRUE">total_flat</attrlabl><attalias Sync="TRUE">total_flat</attalias><attrtype Sync="TRUE">Double</attrtype><attwidth Sync="TRUE">8</attwidth><atprecis Sync="TRUE">0</atprecis><attscale Sync="TRUE">0</attscale></attr><attr><attrlabl Sync="TRUE">total_stee</attrlabl><attalias Sync="TRUE">total_stee</attalias><attrtype Sync="TRUE">Double</attrtype><attwidth Sync="TRUE">8</attwidth><atprecis Sync="TRUE">0</atprecis><attscale Sync="TRUE">0</attscale></attr><attr><attrlabl Sync="TRUE">total_area</attrlabl><attalias Sync="TRUE">total_area</attalias><attrtype Sync="TRUE">Double</attrtype><attwidth Sync="TRUE">8</attwidth><atprecis Sync="TRUE">0</atprecis><attscale Sync="TRUE">0</attscale></attr><attr><attrlabl Sync="TRUE">suitable_f</attrlabl><attalias Sync="TRUE">suitable_f</attalias><attrtype Sync="TRUE">Double</attrtype><attwidth Sync="TRUE">8</attwidth><atprecis Sync="TRUE">0</atprecis><attscale Sync="TRUE">0</attscale></attr><attr><attrlabl Sync="TRUE">suitable_s</attrlabl><attalias Sync="TRUE">suitable_s</attalias><attrtype Sync="TRUE">Double</attrtype><attwidth Sync="TRUE">8</attwidth><atprecis Sync="TRUE">0</atprecis><attscale Sync="TRUE">0</attscale></attr><attr><attrlabl Sync="TRUE">suitable_a</attrlabl><attalias Sync="TRUE">suitable_a</attalias><attrtype Sync="TRUE">Double</attrtype><attwidth Sync="TRUE">8</attwidth><atprecis Sync="TRUE">0</atprecis><attscale Sync="TRUE">0</attscale></attr><attr><attrlabl Sync="TRUE">very_suita</attrlabl><attalias Sync="TRUE">very_suita</attalias><attrtype Sync="TRUE">Double</attrtype><attwidth Sync="TRUE">8</attwidth><atprecis Sync="TRUE">0</atprecis><attscale Sync="TRUE">0</attscale></attr><attr><attrlabl Sync="TRUE">very_sui_1</attrlabl><attalias Sync="TRUE">very_sui_1</attalias><attrtype Sync="TRUE">Double</attrtype><attwidth Sync="TRUE">8</attwidth><atprecis Sync="TRUE">0</atprecis><attscale Sync="TRUE">0</attscale></attr><attr><attrlabl Sync="TRUE">very_sui_2</attrlabl><attalias Sync="TRUE">very_sui_2</attalias><attrtype Sync="TRUE">Double</attrtype><attwidth Sync="TRUE">8</attwidth><atprecis Sync="TRUE">0</atprecis><attscale Sync="TRUE">0</attscale></attr><attr><attrlabl Sync="TRUE">very_sui_3</attrlabl><attalias Sync="TRUE">very_sui_3</attalias><attrtype Sync="TRUE">Double</attrtype><attwidth Sync="TRUE">8</attwidth><atprecis Sync="TRUE">0</atprecis><attscale Sync="TRUE">0</attscale></attr><attr><attrlabl Sync="TRUE">potential_</attrlabl><attalias Sync="TRUE">potential_</attalias><attrtype Sync="TRUE">Integer</attrtype><attwidth Sync="TRUE">4</attwidth><atprecis Sync="TRUE">0</atprecis><attscale Sync="TRUE">0</attscale></attr><attr><attrlabl Sync="TRUE">potential1</attrlabl><attalias Sync="TRUE">potential1</attalias><attrtype Sync="TRUE">Double</attrtype><attwidth Sync="TRUE">8</attwidth><atprecis Sync="TRUE">0</atprecis><attscale Sync="TRUE">0</attscale></attr><attr><attrlabl Sync="TRUE">potentia_1</attrlabl><attalias Sync="TRUE">potentia_1</attalias><attrtype Sync="TRUE">Integer</attrtype><attwidth Sync="TRUE">4</attwidth><atprecis Sync="TRUE">0</atprecis><attscale Sync="TRUE">0</attscale></attr><attr><attrlabl Sync="TRUE">sde_status</attrlabl><attalias Sync="TRUE">sde_status</attalias><attrtype Sync="TRUE">String</attrtype><attwidth Sync="TRUE">100</attwidth><atprecis Sync="TRUE">0</atprecis><attscale Sync="TRUE">0</attscale></attr><attr><attrlabl Sync="TRUE">pv_1999</attrlabl><attalias Sync="TRUE">pv_1999</attalias><attrtype Sync="TRUE">Integer</attrtype><attwidth Sync="TRUE">4</attwidth><atprecis Sync="TRUE">0</atprecis><attscale Sync="TRUE">0</attscale></attr><attr><attrlabl Sync="TRUE">pv_2010</attrlabl><attalias Sync="TRUE">pv_2010</attalias><attrtype Sync="TRUE">Integer</attrtype><attwidth Sync="TRUE">4</attwidth><atprecis Sync="TRUE">0</atprecis><attscale Sync="TRUE">0</attscale></attr><attr><attrlabl Sync="TRUE">pv_2016</attrlabl><attalias Sync="TRUE">pv_2016</attalias><attrtype Sync="TRUE">Integer</attrtype><attwidth Sync="TRUE">4</attwidth><atprecis Sync="TRUE">0</atprecis><attscale Sync="TRUE">0</attscale></attr><attr><attrlabl Sync="TRUE">pv_2017</attrlabl><attalias Sync="TRUE">pv_2017</attalias><attrtype Sync="TRUE">Integer</attrtype><attwidth Sync="TRUE">4</attwidth><atprecis Sync="TRUE">0</atprecis><attscale Sync="TRUE">0</attscale></attr><attr><attrlabl Sync="TRUE">pv_2018</attrlabl><attalias Sync="TRUE">pv_2018</attalias><attrtype Sync="TRUE">Integer</attrtype><attwidth Sync="TRUE">4</attwidth><atprecis Sync="TRUE">0</atprecis><attscale Sync="TRUE">0</attscale></attr><attr><attrlabl Sync="TRUE">pv_2019</attrlabl><attalias Sync="TRUE">pv_2019</attalias><attrtype Sync="TRUE">Integer</attrtype><attwidth Sync="TRUE">4</attwidth><atprecis Sync="TRUE">0</atprecis><attscale Sync="TRUE">0</attscale></attr><attr><attrlabl Sync="TRUE">pv_2020</attrlabl><attalias Sync="TRUE">pv_2020</attalias><attrtype Sync="TRUE">Integer</attrtype><attwidth Sync="TRUE">4</attwidth><atprecis Sync="TRUE">0</atprecis><attscale Sync="TRUE">0</attscale></attr><attr><attrlabl Sync="TRUE">pv_2021</attrlabl><attalias Sync="TRUE">pv_2021</attalias><attrtype Sync="TRUE">Integer</attrtype><attwidth Sync="TRUE">4</attwidth><atprecis Sync="TRUE">0</atprecis><attscale Sync="TRUE">0</attscale></attr><attr><attrlabl Sync="TRUE">pv_class</attrlabl><attalias Sync="TRUE">pv_class</attalias><attrtype Sync="TRUE">Integer</attrtype><attwidth Sync="TRUE">4</attwidth><atprecis Sync="TRUE">0</atprecis><attscale Sync="TRUE">0</attscale></attr><attr><attrlabl Sync="TRUE">protected_</attrlabl><attalias Sync="TRUE">protected_</attalias><attrtype Sync="TRUE">Integer</attrtype><attwidth Sync="TRUE">4</attwidth><atprecis Sync="TRUE">0</atprecis><attscale Sync="TRUE">0</attscale></attr><attr><attrlabl Sync="TRUE">protected1</attrlabl><attalias Sync="TRUE">protected1</attalias><attrtype Sync="TRUE">Integer</attrtype><attwidth Sync="TRUE">4</attwidth><atprecis Sync="TRUE">0</atprecis><attscale Sync="TRUE">0</attscale></attr><attr><attrlabl Sync="TRUE">potentia_2</attrlabl><attalias Sync="TRUE">potentia_2</attalias><attrtype Sync="TRUE">Integer</attrtype><attwidth Sync="TRUE">4</attwidth><atprecis Sync="TRUE">0</atprecis><attscale Sync="TRUE">0</attscale></attr><attr><attrlabl Sync="TRUE">sde_map_to</attrlabl><attalias Sync="TRUE">sde_map_to</attalias><attrtype Sync="TRUE">Integer</attrtype><attwidth Sync="TRUE">4</attwidth><atprecis Sync="TRUE">0</atprecis><attscale Sync="TRUE">0</attscale></attr><attr><attrlabl Sync="TRUE">kwp_value</attrlabl><attalias Sync="TRUE">kwp_value</attalias><attrtype Sync="TRUE">Double</attrtype><attwidth Sync="TRUE">8</attwidth><atprecis Sync="TRUE">0</atprecis><attscale Sync="TRUE">0</attscale></attr><attr><attrlabl Sync="TRUE">pv_area_pr</attrlabl><attalias Sync="TRUE">pv_area_pr</attalias><attrtype Sync="TRUE">Double</attrtype><attwidth Sync="TRUE">8</attwidth><atprecis Sync="TRUE">0</atprecis><attscale Sync="TRUE">0</attscale></attr><attr><attrlabl Sync="TRUE">pv_area_ve</attrlabl><attalias Sync="TRUE">pv_area_ve</attalias><attrtype Sync="TRUE">Double</attrtype><attwidth Sync="TRUE">8</attwidth><atprecis Sync="TRUE">0</atprecis><attscale Sync="TRUE">0</attscale></attr><attr><attrlabl Sync="TRUE">pv_count_p</attrlabl><attalias Sync="TRUE">pv_count_p</attalias><attrtype Sync="TRUE">Integer</attrtype><attwidth Sync="TRUE">4</attwidth><atprecis Sync="TRUE">0</atprecis><attscale Sync="TRUE">0</attscale></attr><attr><attrlabl Sync="TRUE">pv_count_a</attrlabl><attalias Sync="TRUE">pv_count_a</attalias><attrtype Sync="TRUE">Integer</attrtype><attwidth Sync="TRUE">4</attwidth><atprecis Sync="TRUE">0</atprecis><attscale Sync="TRUE">0</attscale></attr><attr><attrlabl Sync="TRUE">pv_count_v</attrlabl><attalias Sync="TRUE">pv_count_v</attalias><attrtype Sync="TRUE">Integer</attrtype><attwidth Sync="TRUE">4</attwidth><atprecis Sync="TRUE">0</atprecis><attscale Sync="TRUE">0</attscale></attr><attr><attrlabl Sync="TRUE">realised_e</attrlabl><attalias Sync="TRUE">realised_e</attalias><attrtype Sync="TRUE">Double</attrtype><attwidth Sync="TRUE">8</attwidth><atprecis Sync="TRUE">0</atprecis><attscale Sync="TRUE">0</attscale></attr><attr><attrlabl Sync="TRUE">Shape__Are</attrlabl><attalias Sync="TRUE">Shape__Are</attalias><attrtype Sync="TRUE">Double</attrtype><attwidth Sync="TRUE">8</attwidth><atprecis Sync="TRUE">0</atprecis><attscale Sync="TRUE">0</attscale></attr><attr><attrlabl Sync="TRUE">Shape__Len</attrlabl><attalias Sync="TRUE">Shape__Len</attalias><attrtype Sync="TRUE">Double</attrtype><attwidth Sync="TRUE">8</attwidth><atprecis Sync="TRUE">0</atprecis><attscale Sync="TRUE">0</attscale></attr><attr><attrlabl Sync="TRUE">Shape_Leng</attrlabl><attalias Sync="TRUE">Shape_Leng</attalias><attrtype Sync="TRUE">Double</attrtype><attwidth Sync="TRUE">8</attwidth><atprecis Sync="TRUE">0</atprecis><attscale Sync="TRUE">0</attscale></attr><attr><attrlabl Sync="TRUE">Shape_Area</attrlabl><attalias Sync="TRUE">Shape_Area</attalias><attrtype Sync="TRUE">Double</attrtype><attwidth Sync="TRUE">8</attwidth><atprecis Sync="TRUE">0</atprecis><attscale Sync="TRUE">0</attscale><attrdef Sync="TRUE">Area of feature in internal units squared.</attrdef><attrdefs Sync="TRUE">Esri</attrdefs><attrdomv><udom Sync="TRUE">Positive real numbers that are automatically generated.</udom></attrdomv></attr></detailed></eainfo><mdDateSt Sync="TRUE">20250328</mdDateSt></metadata>
