Latitude (decimal degrees):	52.508
Longitude (decimal degrees):	6.094
Radiation database:	PVGIS-SARAH3
Nominal power of the PV system (c-Si) (kWp):	17641.0
System losses(%):	14.0
Fixed slope of modules (deg.):	30
Orientation (azimuth) of modules (deg.):	0

Fixed angle
Month		E_d		E_m		H(i)_d		H(i)_m		SD_m
1		17378.1		538721.14		1.19		36.85		90390.17
2		29840.53		835534.72		2.04		57.09		195368.11
3		48452.86		1502038.71		3.39		105.06		267133.26
4		67985.57		2039567.06		4.9		146.95		247023.97
5		70541.36		2186782.09		5.19		160.95		249923.15
6		73159.32		2194779.56		5.5		164.95		220266.51
7		69233.73		2146245.76		5.24		162.3		273182.34
8		63010.1		1953313.02		4.72		146.25		202311.98
9		53705.57		1611167.22		3.93		117.87		159405.91
10		36068.16		1118112.92		2.56		79.26		176872.02
11		21137.49		634124.62		1.47		44.06		96287.13
12		14654.27		454282.47		1.01		31.28		109128.76
Year		47163.48		1434555.77		3.43		104.41		73706.06
		AOI loss (%)		Spectral effects (%)		Temperature and low irradiance loss (%)		Combined loss (%)
Fixed angle:		-3.21		1.80		-8.09		-22.11

E_d: Average daily energy production from the given system (kWh/d)
E_m: Average monthly energy production from the given system (kWh/mo)
H(i)_d: Average daily sum of global irradiation per square meter received by the modules of the given system (kWh/m2/d)
H(i)_m: Average monthly sum of global irradiation per square meter received by the modules of the given system (kWh/m2/mo)
SD_m: Standard deviation of the monthly energy production due to year-to-year variation (kWh)


PVGIS (c) European Union, 2001-2025