Latitude (decimal degrees):	52.508
Longitude (decimal degrees):	6.094
Radiation database:	PVGIS-SARAH3
Nominal power of the PV system (c-Si) (kWp):	26946.2
System losses(%):	14.0
Fixed slope of modules (deg.):	35
Orientation (azimuth) of modules (deg.):	90

Fixed angle
Month		E_d		E_m		H(i)_d		H(i)_m		SD_m
1		13686.56		424283.33		0.68		21.1		44423.23
2		27766.08		777450.25		1.31		36.6		141634.78
3		54173.79		1679387.52		2.51		77.84		221518.89
4		85474.21		2564226.23		4.02		120.72		249842.79
5		95668.66		2965728.42		4.59		142.37		293973.77
6		104216.28		3126488.26		5.1		153.05		276111.2
7		97060.71		3008882.01		4.79		148.37		332752.77
8		82067.3		2544086.3		4.02		124.57		214805.29
9		62836.82		1885104.66		3.03		90.9		165783.67
10		35970.91		1115098.26		1.73		53.53		157017.95
11		17504.63		525138.92		0.87		26.12		62909.72
12		10314.38		319745.65		0.54		16.59		56740.89
Year		57357.86		1744634.98		2.77		84.31		73976.06
		AOI loss (%)		Spectral effects (%)		Temperature and low irradiance loss (%)		Combined loss (%)
Fixed angle:		-3.95		1.67		-8.56		-23.21

E_d: Average daily energy production from the given system (kWh/d)
E_m: Average monthly energy production from the given system (kWh/mo)
H(i)_d: Average daily sum of global irradiation per square meter received by the modules of the given system (kWh/m2/d)
H(i)_m: Average monthly sum of global irradiation per square meter received by the modules of the given system (kWh/m2/mo)
SD_m: Standard deviation of the monthly energy production due to year-to-year variation (kWh)


PVGIS (c) European Union, 2001-2025