Latitude (decimal degrees):	52.508
Longitude (decimal degrees):	6.094
Radiation database:	PVGIS-SARAH3
Nominal power of the PV system (c-Si) (kWp):	2623.6
System losses(%):	14.0
Fixed slope of modules (deg.):	35
Orientation (azimuth) of modules (deg.):	90

Fixed angle
Month		E_d		E_m		H(i)_d		H(i)_m		SD_m
1		1332.59		41310.16		0.68		21.1		4325.25
2		2703.43		75696.1		1.31		36.6		13790.21
3		5274.61		163512.82		2.51		77.84		21568.09
4		8322.16		249664.76		4.02		120.72		24325.83
5		9314.74		288756.84		4.59		142.37		28622.63
6		10146.97		304409.15		5.1		153.05		26883.45
7		9450.27		292958.47		4.79		148.37		32398.33
8		7990.45		247703.84		4.02		124.57		20914.42
9		6118.08		183542.38		3.03		90.9		16141.45
10		3502.29		108571.05		1.73		53.53		15287.98
11		1704.33		51129.92		0.87		26.12		6125.18
12		1004.25		31131.89		0.54		16.59		5524.55
Year		5584.62		169865.61		2.77		84.31		7202.65
		AOI loss (%)		Spectral effects (%)		Temperature and low irradiance loss (%)		Combined loss (%)
Fixed angle:		-3.95		1.67		-8.56		-23.21

E_d: Average daily energy production from the given system (kWh/d)
E_m: Average monthly energy production from the given system (kWh/mo)
H(i)_d: Average daily sum of global irradiation per square meter received by the modules of the given system (kWh/m2/d)
H(i)_m: Average monthly sum of global irradiation per square meter received by the modules of the given system (kWh/m2/mo)
SD_m: Standard deviation of the monthly energy production due to year-to-year variation (kWh)


PVGIS (c) European Union, 2001-2025